OBJECTID;REGION;DEPARTAMENTO;MUNICIPIO;COD_DANE;TEXTO_AMENAZA;FECHA_EJECUCION
1;CARIBE;ATL¡NTICO;JUAN DE ACOSTA;08372;ALTA;19/07/2026
2;CARIBE;ATL¡NTICO;TUBAR¡;08832;ALTA;19/07/2026
3;ANDINA;CALDAS;MARQUETALIA;17444;ALTA;19/07/2026
4;ANDINA;CALDAS;SAMAN¡;17662;ALTA;19/07/2026
5;ANDINA;CALDAS;VICTORIA;17867;ALTA;19/07/2026
6;CARIBE;CESAR;LA PAZ;20621;ALTA;19/07/2026
7;CARIBE;CESAR;MANAURE BALC”N DEL CESAR;20443;ALTA;19/07/2026
8;CARIBE;CESAR;SAN DIEGO;20750;ALTA;19/07/2026
9;CARIBE;CESAR;VALLEDUPAR;20001;ALTA;19/07/2026
10;ANDINA;CUNDINAMARCA;BELTR¡N;25086;ALTA;19/07/2026
11;ANDINA;CUNDINAMARCA;CHAGUANÕ;25168;ALTA;19/07/2026
12;ANDINA;CUNDINAMARCA;GIRARDOT;25307;ALTA;19/07/2026
13;ANDINA;CUNDINAMARCA;JERUSAL…N;25368;ALTA;19/07/2026
14;ANDINA;CUNDINAMARCA;NILO;25488;ALTA;19/07/2026
15;ANDINA;CUNDINAMARCA;PULÕ;25580;ALTA;19/07/2026
16;ANDINA;CUNDINAMARCA;RICAURTE;25612;ALTA;19/07/2026
17;ANDINA;CUNDINAMARCA;SAN JUAN DE RIOSECO;25662;ALTA;19/07/2026
18;ANDINA;HUILA;AIPE;41016;ALTA;19/07/2026
19;CARIBE;LA GUAJIRA;ALBANIA;44035;ALTA;19/07/2026
20;CARIBE;LA GUAJIRA;BARRANCAS;44078;ALTA;19/07/2026
21;CARIBE;LA GUAJIRA;DIBULLA;44090;ALTA;19/07/2026
22;CARIBE;LA GUAJIRA;FONSECA;44279;ALTA;19/07/2026
23;CARIBE;LA GUAJIRA;HATONUEVO;44378;ALTA;19/07/2026
24;CARIBE;LA GUAJIRA;LA JAGUA DEL PILAR;44420;ALTA;19/07/2026
25;CARIBE;LA GUAJIRA;MAICAO;44430;ALTA;19/07/2026
26;CARIBE;LA GUAJIRA;MANAURE;44560;ALTA;19/07/2026
27;CARIBE;LA GUAJIRA;RIOHACHA;44001;ALTA;19/07/2026
28;CARIBE;LA GUAJIRA;SAN JUAN DEL CESAR;44650;ALTA;19/07/2026
29;CARIBE;LA GUAJIRA;URIBIA;44847;ALTA;19/07/2026
30;CARIBE;LA GUAJIRA;URUMITA;44855;ALTA;19/07/2026
31;CARIBE;MAGDALENA;CI…NAGA;47189;ALTA;19/07/2026
32;CARIBE;MAGDALENA;EL RET…N;47268;ALTA;19/07/2026
33;CARIBE;MAGDALENA;PUEBLOVIEJO;47570;ALTA;19/07/2026
34;CARIBE;MAGDALENA;SAN SEBASTI¡N DE BUENAVISTA;47692;ALTA;19/07/2026
35;CARIBE;MAGDALENA;SANTA MARTA;47001;ALTA;19/07/2026
36;CARIBE;MAGDALENA;SITIONUEVO;47745;ALTA;19/07/2026
37;ANDINA;NORTE DE SANTANDER;ARBOLEDAS;54051;ALTA;19/07/2026
38;ANDINA;NORTE DE SANTANDER;BOCHALEMA;54099;ALTA;19/07/2026
39;ANDINA;NORTE DE SANTANDER;CUCUTILLA;54223;ALTA;19/07/2026
40;ANDINA;NORTE DE SANTANDER;DURANIA;54239;ALTA;19/07/2026
41;ANDINA;NORTE DE SANTANDER;SALAZAR;54660;ALTA;19/07/2026
42;ANDINA;TOLIMA;ALVARADO;73026;ALTA;19/07/2026
43;ANDINA;TOLIMA;AMBALEMA;73030;ALTA;19/07/2026
44;ANDINA;TOLIMA;ARMERO;73055;ALTA;19/07/2026
45;ANDINA;TOLIMA;ATACO;73067;ALTA;19/07/2026
46;ANDINA;TOLIMA;CARMEN DE APICAL¡;73148;ALTA;19/07/2026
47;ANDINA;TOLIMA;CASABIANCA;73152;ALTA;19/07/2026
48;ANDINA;TOLIMA;CHAPARRAL;73168;ALTA;19/07/2026
49;ANDINA;TOLIMA;COELLO;73200;ALTA;19/07/2026
50;ANDINA;TOLIMA;COYAIMA;73217;ALTA;19/07/2026
51;ANDINA;TOLIMA;CUNDAY;73226;ALTA;19/07/2026
52;ANDINA;TOLIMA;DOLORES;73236;ALTA;19/07/2026
53;ANDINA;TOLIMA;ESPINAL;73268;ALTA;19/07/2026
54;ANDINA;TOLIMA;FALAN;73270;ALTA;19/07/2026
55;ANDINA;TOLIMA;FLANDES;73275;ALTA;19/07/2026
56;ANDINA;TOLIMA;FRESNO;73283;ALTA;19/07/2026
57;ANDINA;TOLIMA;GUAMO;73319;ALTA;19/07/2026
58;ANDINA;TOLIMA;HONDA;73349;ALTA;19/07/2026
59;ANDINA;TOLIMA;IBAGU…;73001;ALTA;19/07/2026
60;ANDINA;TOLIMA;L…RIDA;73408;ALTA;19/07/2026
61;ANDINA;TOLIMA;LÕBANO;73411;ALTA;19/07/2026
62;ANDINA;TOLIMA;MELGAR;73449;ALTA;19/07/2026
63;ANDINA;TOLIMA;MURILLO;73461;ALTA;19/07/2026
64;ANDINA;TOLIMA;NATAGAIMA;73483;ALTA;19/07/2026
65;ANDINA;TOLIMA;ORTEGA;73504;ALTA;19/07/2026
66;ANDINA;TOLIMA;PALOCABILDO;73520;ALTA;19/07/2026
67;ANDINA;TOLIMA;PIEDRAS;73547;ALTA;19/07/2026
68;ANDINA;TOLIMA;PRADO;73563;ALTA;19/07/2026
69;ANDINA;TOLIMA;PURIFICACI”N;73585;ALTA;19/07/2026
70;ANDINA;TOLIMA;RONCESVALLES;73622;ALTA;19/07/2026
71;ANDINA;TOLIMA;ROVIRA;73624;ALTA;19/07/2026
72;ANDINA;TOLIMA;SALDA—A;73671;ALTA;19/07/2026
73;ANDINA;TOLIMA;SAN ANTONIO;73675;ALTA;19/07/2026
74;ANDINA;TOLIMA;SAN LUIS;73678;ALTA;19/07/2026
75;ANDINA;TOLIMA;SAN SEBASTI¡N DE MARIQUITA;73443;ALTA;19/07/2026
76;ANDINA;TOLIMA;SANTA ISABEL;73686;ALTA;19/07/2026
77;ANDINA;TOLIMA;SU¡REZ;73770;ALTA;19/07/2026
78;ANDINA;TOLIMA;VALLE DE SAN JUAN;73854;ALTA;19/07/2026
79;ANDINA;TOLIMA;VENADILLO;73861;ALTA;19/07/2026
80;ANDINA;TOLIMA;VILLAHERMOSA;73870;ALTA;19/07/2026
81;ANDINA;ANTIOQUIA;AMAG¡;05030;BAJA;19/07/2026
82;ANDINA;ANTIOQUIA;ANGEL”POLIS;05036;BAJA;19/07/2026
83;ANDINA;ANTIOQUIA;ARMENIA;05059;BAJA;19/07/2026
84;ANDINA;ANTIOQUIA;BELLO;05088;BAJA;19/07/2026
85;ANDINA;ANTIOQUIA;BETULIA;05093;BAJA;19/07/2026
86;ANDINA;ANTIOQUIA;CALDAS;05129;BAJA;19/07/2026
87;ANDINA;ANTIOQUIA;CARACOLÕ;05142;BAJA;19/07/2026
88;ANDINA;ANTIOQUIA;CONCEPCI”N;05206;BAJA;19/07/2026
89;ANDINA;ANTIOQUIA;CONCORDIA;05209;BAJA;19/07/2026
90;ANDINA;ANTIOQUIA;DONMATÕAS;05237;BAJA;19/07/2026
91;ANDINA;ANTIOQUIA;ENTRERRÕOS;05264;BAJA;19/07/2026
92;ANDINA;ANTIOQUIA;ENVIGADO;05266;BAJA;19/07/2026
93;ANDINA;ANTIOQUIA;GIRALDO;05306;BAJA;19/07/2026
94;ANDINA;ANTIOQUIA;HISPANIA;05353;BAJA;19/07/2026
95;ANDINA;ANTIOQUIA;ITAGÐÕ;05360;BAJA;19/07/2026
96;ANDINA;ANTIOQUIA;LA ESTRELLA;05380;BAJA;19/07/2026
97;ANDINA;ANTIOQUIA;MACEO;05425;BAJA;19/07/2026
98;ANDINA;ANTIOQUIA;MARINILLA;05440;BAJA;19/07/2026
99;ANDINA;ANTIOQUIA;MEDELLÕN;05001;ALTA;19/07/2026
100;ANDINA;ANTIOQUIA;PE—OL;05541;BAJA;19/07/2026
101;ANDINA;ANTIOQUIA;PUEBLORRICO;05576;BAJA;19/07/2026
102;ANDINA;ANTIOQUIA;PUERTO BERRÕO;05579;BAJA;19/07/2026
103;ANDINA;ANTIOQUIA;PUERTO TRIUNFO;05591;BAJA;19/07/2026
104;ANDINA;ANTIOQUIA;RIONEGRO;05615;BAJA;19/07/2026
105;ANDINA;ANTIOQUIA;SABANETA;05631;BAJA;19/07/2026
106;ANDINA;ANTIOQUIA;SAN CARLOS;05649;BAJA;19/07/2026
107;ANDINA;ANTIOQUIA;SAN JER”NIMO;05656;BAJA;19/07/2026
108;ANDINA;ANTIOQUIA;SAN RAFAEL;05667;BAJA;19/07/2026
109;ANDINA;ANTIOQUIA;SAN ROQUE;05670;BAJA;19/07/2026
110;ANDINA;ANTIOQUIA;TARSO;05792;BAJA;19/07/2026
111;ANDINA;ANTIOQUIA;TITIRIBÕ;05809;BAJA;19/07/2026
112;ANDINA;ANTIOQUIA;VEGACHÕ;05858;BAJA;19/07/2026
113;ANDINA;ANTIOQUIA;VENECIA;05861;BAJA;19/07/2026
114;ANDINA;ANTIOQUIA;YALÕ;05885;BAJA;19/07/2026
115;ANDINA;ANTIOQUIA;YOLOMB”;05890;BAJA;19/07/2026
116;ANDINA;ANTIOQUIA;YOND”;05893;BAJA;19/07/2026
117;CARIBE;ATL¡NTICO;CAMPO DE LA CRUZ;08137;BAJA;19/07/2026
118;ANDINA;BOGOT¡, D.C.;BOGOT¡, D.C.;11001;BAJA;19/07/2026
119;CARIBE;BOLÕVAR;ACHÕ;13006;BAJA;19/07/2026
120;CARIBE;BOLÕVAR;ALTOS DEL ROSARIO;13030;BAJA;19/07/2026
121;CARIBE;BOLÕVAR;BARRANCO DE LOBA;13074;BAJA;19/07/2026
122;CARIBE;BOLÕVAR;CICUCO;13188;BAJA;19/07/2026
123;CARIBE;BOLÕVAR;CLEMENCIA;13222;BAJA;19/07/2026
124;CARIBE;BOLÕVAR;EL CARMEN DE BOLÕVAR;13244;BAJA;19/07/2026
125;CARIBE;BOLÕVAR;HATILLO DE LOBA;13300;BAJA;19/07/2026
126;CARIBE;BOLÕVAR;MAHATES;13433;BAJA;19/07/2026
127;CARIBE;BOLÕVAR;MARGARITA;13440;BAJA;19/07/2026
128;CARIBE;BOLÕVAR;PINILLOS;13549;BAJA;19/07/2026
129;CARIBE;BOLÕVAR;SAN ESTANISLAO;13647;BAJA;19/07/2026
130;CARIBE;BOLÕVAR;SAN FERNANDO;13650;BAJA;19/07/2026
131;CARIBE;BOLÕVAR;SAN JUAN NEPOMUCENO;13657;BAJA;19/07/2026
132;CARIBE;BOLÕVAR;SANTA CATALINA;13673;BAJA;19/07/2026
133;CARIBE;BOLÕVAR;SANTA CRUZ DE MOMPOX;13468;BAJA;19/07/2026
134;CARIBE;BOLÕVAR;TALAIGUA NUEVO;13780;BAJA;19/07/2026
135;CARIBE;BOLÕVAR;TIQUISIO;13810;BAJA;19/07/2026
136;CARIBE;BOLÕVAR;ZAMBRANO;13894;BAJA;19/07/2026
137;ANDINA;BOYAC¡;ARCABUCO;15051;BAJA;19/07/2026
138;ANDINA;BOYAC¡;BRICE—O;15106;BAJA;19/07/2026
139;ANDINA;BOYAC¡;BUENAVISTA;15109;BAJA;19/07/2026
140;ANDINA;BOYAC¡;CALDAS;15131;BAJA;19/07/2026
141;ANDINA;BOYAC¡;CHIQUINQUIR¡;15176;BAJA;19/07/2026
142;ANDINA;BOYAC¡;CI…NEGA;15189;BAJA;19/07/2026
143;ANDINA;BOYAC¡;COPER;15212;BAJA;19/07/2026
144;ANDINA;BOYAC¡;COVARACHÕA;15218;BAJA;19/07/2026
145;ANDINA;BOYAC¡;JERIC”;15368;BAJA;19/07/2026
146;ANDINA;BOYAC¡;MARIPÕ;15442;BAJA;19/07/2026
147;ANDINA;BOYAC¡;MONIQUIR¡;15469;BAJA;19/07/2026
148;ANDINA;BOYAC¡;MOTAVITA;15476;BAJA;19/07/2026
149;ANDINA;BOYAC¡;MUZO;15480;BAJA;19/07/2026
150;ANDINA;BOYAC¡;OTANCHE;15507;BAJA;19/07/2026
151;ANDINA;BOYAC¡;PAUNA;15531;BAJA;19/07/2026
152;ANDINA;BOYAC¡;PAZ DE RÕO;15537;BAJA;19/07/2026
153;ANDINA;BOYAC¡;PUERTO BOYAC¡;15572;BAJA;19/07/2026
154;ANDINA;BOYAC¡;SABOY¡;15632;BAJA;19/07/2026
155;ANDINA;BOYAC¡;SAN PABLO DE BORBUR;15681;BAJA;19/07/2026
156;ANDINA;BOYAC¡;SANTA SOFÕA;15696;BAJA;19/07/2026
157;ANDINA;BOYAC¡;SATIVANORTE;15720;BAJA;19/07/2026
158;ANDINA;BOYAC¡;SUSAC”N;15774;BAJA;19/07/2026
159;ANDINA;BOYAC¡;TIPACOQUE;15810;BAJA;19/07/2026
160;ANDINA;BOYAC¡;TOCA;15814;BAJA;19/07/2026
161;ANDINA;BOYAC¡;TOGÐÕ;15816;BAJA;19/07/2026
162;ANDINA;BOYAC¡;TUNJA;15001;BAJA;19/07/2026
163;ANDINA;BOYAC¡;TUNUNGU¡;15832;BAJA;19/07/2026
164;ANDINA;BOYAC¡;VENTAQUEMADA;15861;BAJA;19/07/2026
165;ANDINA;BOYAC¡;VIRACACH¡;15879;BAJA;19/07/2026
166;ANDINA;CALDAS;AGUADAS;17013;BAJA;19/07/2026
167;ANDINA;CALDAS;ANSERMA;17042;BAJA;19/07/2026
168;ANDINA;CALDAS;ARANZAZU;17050;BAJA;19/07/2026
169;ANDINA;CALDAS;FILADELFIA;17272;BAJA;19/07/2026
170;ANDINA;CALDAS;LA MERCED;17388;BAJA;19/07/2026
171;ANDINA;CALDAS;NEIRA;17486;BAJA;19/07/2026
172;ANDINA;CALDAS;P¡CORA;17513;BAJA;19/07/2026
173;ANDINA;CALDAS;SALAMINA;17653;BAJA;19/07/2026
174;ANDINA;CALDAS;SUPÕA;17777;BAJA;19/07/2026
175;PACÕFICO;CAUCA;ALMAGUER;19022;BAJA;19/07/2026
176;PACÕFICO;CAUCA;BALBOA;19075;BAJA;19/07/2026
177;PACÕFICO;CAUCA;BUENOS AIRES;19110;BAJA;19/07/2026
178;PACÕFICO;CAUCA;CALDONO;19137;BAJA;19/07/2026
179;PACÕFICO;CAUCA;CALOTO;19142;BAJA;19/07/2026
180;PACÕFICO;CAUCA;FLORENCIA;19290;BAJA;19/07/2026
181;PACÕFICO;CAUCA;INZ¡;19355;BAJA;19/07/2026
182;PACÕFICO;CAUCA;MERCADERES;19450;BAJA;19/07/2026
183;PACÕFICO;CAUCA;PIENDAM” - TUNÕA;19548;BAJA;19/07/2026
184;PACÕFICO;CAUCA;SAN SEBASTI¡N;19693;BAJA;19/07/2026
185;PACÕFICO;CAUCA;SANTANDER DE QUILICHAO;19698;BAJA;19/07/2026
186;PACÕFICO;CAUCA;SUCRE;19785;BAJA;19/07/2026
187;CARIBE;CESAR;BOSCONIA;20060;BAJA;19/07/2026
188;CARIBE;CESAR;CHIMICHAGUA;20175;BAJA;19/07/2026
189;CARIBE;CESAR;PUEBLO BELLO;20570;BAJA;19/07/2026
190;ANDINA;CUNDINAMARCA;CABRERA;25120;BAJA;19/07/2026
191;ANDINA;CUNDINAMARCA;LA PALMA;25394;BAJA;19/07/2026
192;ANDINA;CUNDINAMARCA;PAIME;25518;BAJA;19/07/2026
193;ANDINA;CUNDINAMARCA;PASCA;25535;BAJA;19/07/2026
194;ANDINA;CUNDINAMARCA;PUERTO SALGAR;25572;BAJA;19/07/2026
195;ANDINA;CUNDINAMARCA;SAN BERNARDO;25649;BAJA;19/07/2026
196;ANDINA;CUNDINAMARCA;VILLA DE SAN DIEGO DE UBAT…;25843;BAJA;19/07/2026
197;CARIBE;C”RDOBA;CHIM¡;23168;BAJA;19/07/2026
198;CARIBE;C”RDOBA;CI…NAGA DE ORO;23189;BAJA;19/07/2026
199;CARIBE;C”RDOBA;MONTERÕA;23001;BAJA;19/07/2026
200;ANDINA;HUILA;AGRADO;41013;BAJA;19/07/2026
201;ANDINA;HUILA;CAMPOALEGRE;41132;BAJA;19/07/2026
202;ANDINA;HUILA;COLOMBIA;41206;BAJA;19/07/2026
203;ANDINA;HUILA;NEIVA;41001;BAJA;19/07/2026
204;ANDINA;HUILA;PALERMO;41524;BAJA;19/07/2026
205;ANDINA;HUILA;RIVERA;41615;BAJA;19/07/2026
206;ANDINA;HUILA;SANTA MARÕA;41676;BAJA;19/07/2026
207;CARIBE;LA GUAJIRA;EL MOLINO;44110;BAJA;19/07/2026
208;CARIBE;MAGDALENA;ARIGUANÕ;47058;BAJA;19/07/2026
209;CARIBE;MAGDALENA;CERRO DE SAN ANTONIO;47161;BAJA;19/07/2026
210;CARIBE;MAGDALENA;EL BANCO;47245;BAJA;19/07/2026
211;CARIBE;MAGDALENA;EL PI—”N;47258;BAJA;19/07/2026
212;CARIBE;MAGDALENA;FUNDACI”N;47288;BAJA;19/07/2026
213;CARIBE;MAGDALENA;GUAMAL;47318;BAJA;19/07/2026
214;CARIBE;MAGDALENA;PIJI—O DEL CARMEN;47545;BAJA;19/07/2026
215;CARIBE;MAGDALENA;PLATO;47555;BAJA;19/07/2026
216;CARIBE;MAGDALENA;SABANAS DE SAN ¡NGEL;47660;BAJA;19/07/2026
217;CARIBE;MAGDALENA;SAN ZEN”N;47703;BAJA;19/07/2026
218;CARIBE;MAGDALENA;SANTA B¡RBARA DE PINTO;47720;BAJA;19/07/2026
219;PACÕFICO;NARI—O;ALB¡N;52019;BAJA;19/07/2026
220;PACÕFICO;NARI—O;ARBOLEDA;52051;BAJA;19/07/2026
221;PACÕFICO;NARI—O;BUESACO;52110;BAJA;19/07/2026
222;PACÕFICO;NARI—O;CONSAC¡;52207;BAJA;19/07/2026
223;PACÕFICO;NARI—O;EL PE—OL;52254;BAJA;19/07/2026
224;PACÕFICO;NARI—O;EL ROSARIO;52256;BAJA;19/07/2026
225;PACÕFICO;NARI—O;EL TABL”N DE G”MEZ;52258;BAJA;19/07/2026
226;PACÕFICO;NARI—O;EL TAMBO;52260;BAJA;19/07/2026
227;PACÕFICO;NARI—O;FUNES;52287;BAJA;19/07/2026
228;PACÕFICO;NARI—O;LA FLORIDA;52381;BAJA;19/07/2026
229;PACÕFICO;NARI—O;LA UNI”N;52399;BAJA;19/07/2026
230;PACÕFICO;NARI—O;POLICARPA;52540;BAJA;19/07/2026
231;PACÕFICO;NARI—O;SAN BERNARDO;52685;BAJA;19/07/2026
232;PACÕFICO;NARI—O;SAN LORENZO;52687;BAJA;19/07/2026
233;PACÕFICO;NARI—O;SAN PEDRO DE CARTAGO;52694;BAJA;19/07/2026
234;PACÕFICO;NARI—O;SANTACRUZ;52699;BAJA;19/07/2026
235;PACÕFICO;NARI—O;SAPUYES;52720;BAJA;19/07/2026
236;PACÕFICO;NARI—O;TAMINANGO;52786;BAJA;19/07/2026
237;PACÕFICO;NARI—O;YACUANQUER;52885;BAJA;19/07/2026
238;ANDINA;NORTE DE SANTANDER;EL ZULIA;54261;BAJA;19/07/2026
239;ANDINA;NORTE DE SANTANDER;GRAMALOTE;54313;BAJA;19/07/2026
240;ANDINA;NORTE DE SANTANDER;LOURDES;54418;BAJA;19/07/2026
241;ANDINA;NORTE DE SANTANDER;SAN JOS… DE C⁄CUTA;54001;BAJA;19/07/2026
242;ANDINA;NORTE DE SANTANDER;SANTIAGO;54680;BAJA;19/07/2026
243;ANDINA;QUINDÕO;CIRCASIA;63190;BAJA;19/07/2026
244;ANDINA;QUINDÕO;C”RDOBA;63212;BAJA;19/07/2026
245;ANDINA;QUINDÕO;FILANDIA;63272;BAJA;19/07/2026
246;ANDINA;QUINDÕO;PIJAO;63548;BAJA;19/07/2026
247;ANDINA;QUINDÕO;QUIMBAYA;63594;BAJA;19/07/2026
248;ANDINA;RISARALDA;QUINCHÕA;66594;BAJA;19/07/2026
249;ANDINA;SANTANDER;ALBANIA;68020;BAJA;19/07/2026
250;ANDINA;SANTANDER;CIMITARRA;68190;BAJA;19/07/2026
251;ANDINA;SANTANDER;EL PE—”N;68250;MODERADA;19/07/2026
252;ANDINA;SANTANDER;FLORI¡N;68271;BAJA;19/07/2026
253;ANDINA;SANTANDER;GIR”N;68307;BAJA;19/07/2026
254;ANDINA;SANTANDER;GUACA;68318;BAJA;19/07/2026
255;ANDINA;SANTANDER;JES⁄S MARÕA;68368;BAJA;19/07/2026
256;ANDINA;SANTANDER;LAND¡ZURI;68385;BAJA;19/07/2026
257;ANDINA;SANTANDER;MATANZA;68444;ALTA;19/07/2026
258;ANDINA;SANTANDER;PUENTE NACIONAL;68572;BAJA;19/07/2026
259;ANDINA;SANTANDER;PUERTO PARRA;68573;BAJA;19/07/2026
260;ANDINA;SANTANDER;RIONEGRO;68615;BAJA;19/07/2026
261;CARIBE;SUCRE;BUENAVISTA;70110;BAJA;19/07/2026
262;CARIBE;SUCRE;COROZAL;70215;BAJA;19/07/2026
263;CARIBE;SUCRE;GALERAS;70235;BAJA;19/07/2026
264;CARIBE;SUCRE;SAN BENITO ABAD;70678;BAJA;19/07/2026
265;ANDINA;TOLIMA;ALPUJARRA;73024;BAJA;19/07/2026
266;PACÕFICO;VALLE DEL CAUCA;ALCAL¡;76020;BAJA;19/07/2026
267;PACÕFICO;VALLE DEL CAUCA;BUGALAGRANDE;76113;BAJA;19/07/2026
268;PACÕFICO;VALLE DEL CAUCA;CANDELARIA;76130;BAJA;19/07/2026
269;PACÕFICO;VALLE DEL CAUCA;CARTAGO;76147;BAJA;19/07/2026
270;PACÕFICO;VALLE DEL CAUCA;GINEBRA;76306;BAJA;19/07/2026
271;PACÕFICO;VALLE DEL CAUCA;JAMUNDÕ;76364;MODERADA;19/07/2026
272;PACÕFICO;VALLE DEL CAUCA;LA UNI”N;76400;BAJA;19/07/2026
273;PACÕFICO;VALLE DEL CAUCA;OBANDO;76497;BAJA;19/07/2026
274;PACÕFICO;VALLE DEL CAUCA;ULLOA;76845;BAJA;19/07/2026
275;PACÕFICO;VALLE DEL CAUCA;VERSALLES;76863;BAJA;19/07/2026
276;ANDINA;ANTIOQUIA;ABEJORRAL;05002;MODERADA;19/07/2026
277;ANDINA;ANTIOQUIA;ANZ¡;05044;MODERADA;19/07/2026
278;ANDINA;ANTIOQUIA;BARBOSA;05079;MODERADA;19/07/2026
279;ANDINA;ANTIOQUIA;BELMIRA;05086;MODERADA;19/07/2026
280;ANDINA;ANTIOQUIA;BURITIC¡;05113;MODERADA;19/07/2026
281;ANDINA;ANTIOQUIA;CAICEDO;05125;MODERADA;19/07/2026
282;ANDINA;ANTIOQUIA;COPACABANA;05212;MODERADA;19/07/2026
283;ANDINA;ANTIOQUIA;EB…JICO;05240;MODERADA;19/07/2026
284;ANDINA;ANTIOQUIA;FREDONIA;05282;MODERADA;19/07/2026
285;ANDINA;ANTIOQUIA;GIRARDOTA;05308;MODERADA;19/07/2026
286;ANDINA;ANTIOQUIA;GUARNE;05318;MODERADA;19/07/2026
287;ANDINA;ANTIOQUIA;HELICONIA;05347;MODERADA;19/07/2026
288;ANDINA;ANTIOQUIA;LA CEJA;05376;MODERADA;19/07/2026
289;ANDINA;ANTIOQUIA;LA PINTADA;05390;MODERADA;19/07/2026
290;ANDINA;ANTIOQUIA;LIBORINA;05411;MODERADA;19/07/2026
291;ANDINA;ANTIOQUIA;MONTEBELLO;05467;MODERADA;19/07/2026
292;ANDINA;ANTIOQUIA;OLAYA;05501;MODERADA;19/07/2026
293;ANDINA;ANTIOQUIA;RETIRO;05607;MODERADA;19/07/2026
294;ANDINA;ANTIOQUIA;SABANALARGA;05628;MODERADA;19/07/2026
295;ANDINA;ANTIOQUIA;SAN ANDR…S DE CUERQUÕA;05647;MODERADA;19/07/2026
296;ANDINA;ANTIOQUIA;SAN JOS… DE LA MONTA—A;05658;MODERADA;19/07/2026
297;ANDINA;ANTIOQUIA;SAN VICENTE FERRER;05674;ALTA;19/07/2026
298;ANDINA;ANTIOQUIA;SANTA B¡RBARA;05679;MODERADA;19/07/2026
299;ANDINA;ANTIOQUIA;SANTA F… DE ANTIOQUIA;05042;MODERADA;19/07/2026
300;ANDINA;ANTIOQUIA;SONS”N;05756;MODERADA;19/07/2026
301;ANDINA;ANTIOQUIA;SOPETR¡N;05761;MODERADA;19/07/2026
302;ANDINA;ANTIOQUIA;URRAO;05847;MODERADA;19/07/2026
303;CARIBE;ATL¡NTICO;BARANOA;08078;MODERADA;19/07/2026
304;CARIBE;ATL¡NTICO;BARRANQUILLA;08001;MODERADA;19/07/2026
305;CARIBE;ATL¡NTICO;CANDELARIA;08141;MODERADA;19/07/2026
306;CARIBE;ATL¡NTICO;GALAPA;08296;MODERADA;19/07/2026
307;CARIBE;ATL¡NTICO;MALAMBO;08433;MODERADA;19/07/2026
308;CARIBE;ATL¡NTICO;MANATÕ;08436;MODERADA;19/07/2026
309;CARIBE;ATL¡NTICO;PALMAR DE VARELA;08520;MODERADA;19/07/2026
310;CARIBE;ATL¡NTICO;PIOJ”;08549;MODERADA;19/07/2026
311;CARIBE;ATL¡NTICO;POLONUEVO;08558;MODERADA;19/07/2026
312;CARIBE;ATL¡NTICO;PONEDERA;08560;MODERADA;19/07/2026
313;CARIBE;ATL¡NTICO;PUERTO COLOMBIA;08573;MODERADA;19/07/2026
314;CARIBE;ATL¡NTICO;SABANAGRANDE;08634;MODERADA;19/07/2026
315;CARIBE;ATL¡NTICO;SABANALARGA;08638;MODERADA;19/07/2026
316;CARIBE;ATL¡NTICO;SANTO TOM¡S;08685;MODERADA;19/07/2026
317;CARIBE;ATL¡NTICO;SOLEDAD;08758;MODERADA;19/07/2026
318;CARIBE;ATL¡NTICO;USIACURÕ;08849;MODERADA;19/07/2026
319;CARIBE;BOLÕVAR;ARJONA;13052;MODERADA;19/07/2026
320;CARIBE;BOLÕVAR;CARTAGENA DE INDIAS;13001;MODERADA;19/07/2026
321;CARIBE;BOLÕVAR;EL GUAMO;13248;MODERADA;19/07/2026
322;CARIBE;BOLÕVAR;MORALES;13473;MODERADA;19/07/2026
323;CARIBE;BOLÕVAR;REGIDOR;13580;MODERADA;19/07/2026
324;CARIBE;BOLÕVAR;RÕO VIEJO;13600;MODERADA;19/07/2026
325;CARIBE;BOLÕVAR;SANTA ROSA;13683;MODERADA;19/07/2026
326;CARIBE;BOLÕVAR;TURBACO;13836;MODERADA;19/07/2026
327;CARIBE;BOLÕVAR;TURBANA;13838;MODERADA;19/07/2026
328;CARIBE;BOLÕVAR;VILLANUEVA;13873;MODERADA;19/07/2026
329;ANDINA;BOYAC¡;BEL…N;15087;MODERADA;19/07/2026
330;ANDINA;BOYAC¡;BET…ITIVA;15092;MODERADA;19/07/2026
331;ANDINA;BOYAC¡;BOAVITA;15097;MODERADA;19/07/2026
332;ANDINA;BOYAC¡;CERINZA;15162;MODERADA;19/07/2026
333;ANDINA;BOYAC¡;CHISCAS;15180;MODERADA;19/07/2026
334;ANDINA;BOYAC¡;CHÕQUIZA;15232;MODERADA;19/07/2026
335;ANDINA;BOYAC¡;CUCAITA;15224;MODERADA;19/07/2026
336;ANDINA;BOYAC¡;C”MBITA;15204;MODERADA;19/07/2026
337;ANDINA;BOYAC¡;DUITAMA;15238;MODERADA;19/07/2026
338;ANDINA;BOYAC¡;EL COCUY;15244;MODERADA;19/07/2026
339;ANDINA;BOYAC¡;EL ESPINO;15248;MODERADA;19/07/2026
340;ANDINA;BOYAC¡;FIRAVITOBA;15272;MODERADA;19/07/2026
341;ANDINA;BOYAC¡;FLORESTA;15276;MODERADA;19/07/2026
342;ANDINA;BOYAC¡;GACHANTIV¡;15293;MODERADA;19/07/2026
343;ANDINA;BOYAC¡;GUACAMAYAS;15317;MODERADA;19/07/2026
344;ANDINA;BOYAC¡;LA UVITA;15403;MODERADA;19/07/2026
345;ANDINA;BOYAC¡;NOBSA;15491;MODERADA;19/07/2026
346;ANDINA;BOYAC¡;PAIPA;15516;MODERADA;19/07/2026
347;ANDINA;BOYAC¡;PANQUEBA;15522;MODERADA;19/07/2026
348;ANDINA;BOYAC¡;PESCA;15542;MODERADA;19/07/2026
349;ANDINA;BOYAC¡;R¡QUIRA;15600;MODERADA;19/07/2026
350;ANDINA;BOYAC¡;SAMAC¡;15646;MODERADA;19/07/2026
351;ANDINA;BOYAC¡;SAN MATEO;15673;MODERADA;19/07/2026
352;ANDINA;BOYAC¡;SAN MIGUEL DE SEMA;15676;MODERADA;19/07/2026
353;ANDINA;BOYAC¡;SANTA ROSA DE VITERBO;15693;MODERADA;19/07/2026
354;ANDINA;BOYAC¡;SOAT¡;15753;MODERADA;19/07/2026
355;ANDINA;BOYAC¡;SORA;15762;MODERADA;19/07/2026
356;ANDINA;BOYAC¡;SOTAQUIR¡;15763;MODERADA;19/07/2026
357;ANDINA;BOYAC¡;SUTAMARCH¡N;15776;MODERADA;19/07/2026
358;ANDINA;BOYAC¡;S¡CHICA;15638;MODERADA;19/07/2026
359;ANDINA;BOYAC¡;TIBASOSA;15806;MODERADA;19/07/2026
360;ANDINA;BOYAC¡;TINJAC¡;15808;MODERADA;19/07/2026
361;ANDINA;BOYAC¡;TUTA;15837;MODERADA;19/07/2026
362;ANDINA;BOYAC¡;TUTAZ¡;15839;MODERADA;19/07/2026
363;ANDINA;BOYAC¡;VILLA DE LEYVA;15407;MODERADA;19/07/2026
364;ANDINA;CALDAS;LA DORADA;17380;ALTA;19/07/2026
365;ANDINA;CALDAS;MANZANARES;17433;ALTA;19/07/2026
366;ANDINA;CALDAS;MARULANDA;17446;MODERADA;19/07/2026
367;ANDINA;CALDAS;PENSILVANIA;17541;MODERADA;19/07/2026
368;PACÕFICO;CAUCA;BOLÕVAR;19100;MODERADA;19/07/2026
369;PACÕFICO;CAUCA;CORINTO;19212;MODERADA;19/07/2026
370;PACÕFICO;CAUCA;JAMBAL”;19364;MODERADA;19/07/2026
371;PACÕFICO;CAUCA;LA SIERRA;19392;MODERADA;19/07/2026
372;PACÕFICO;CAUCA;LA VEGA;19397;MODERADA;19/07/2026
373;PACÕFICO;CAUCA;MIRANDA;19455;MODERADA;19/07/2026
374;PACÕFICO;CAUCA;POPAY¡N;19001;MODERADA;19/07/2026
375;PACÕFICO;CAUCA;PURAC…;19585;MODERADA;19/07/2026
376;PACÕFICO;CAUCA;P¡EZ;19517;MODERADA;19/07/2026
377;PACÕFICO;CAUCA;ROSAS;19622;MODERADA;19/07/2026
378;PACÕFICO;CAUCA;SILVIA;19743;MODERADA;19/07/2026
379;PACÕFICO;CAUCA;SOTAR¡ PAISPAMBA;19760;MODERADA;19/07/2026
380;PACÕFICO;CAUCA;TIMBÕO;19807;MODERADA;19/07/2026
381;PACÕFICO;CAUCA;TORIBÕO;19821;MODERADA;19/07/2026
382;PACÕFICO;CAUCA;TOTOR”;19824;MODERADA;19/07/2026
383;CARIBE;CESAR;AGUACHICA;20011;MODERADA;19/07/2026
384;CARIBE;CESAR;CHIRIGUAN¡;20178;MODERADA;19/07/2026
385;CARIBE;CESAR;GONZ¡LEZ;20310;MODERADA;19/07/2026
386;CARIBE;CESAR;LA GLORIA;20383;MODERADA;19/07/2026
387;CARIBE;CESAR;RÕO DE ORO;20614;MODERADA;19/07/2026
388;CARIBE;CESAR;SAN ALBERTO;20710;MODERADA;19/07/2026
389;CARIBE;CESAR;SAN MARTÕN;20770;MODERADA;19/07/2026
390;ANDINA;CUNDINAMARCA;AGUA DE DIOS;25001;MODERADA;19/07/2026
391;ANDINA;CUNDINAMARCA;ALB¡N;25019;MODERADA;19/07/2026
392;ANDINA;CUNDINAMARCA;ANAPOIMA;25035;MODERADA;19/07/2026
393;ANDINA;CUNDINAMARCA;ANOLAIMA;25040;MODERADA;19/07/2026
394;ANDINA;CUNDINAMARCA;APULO;25599;MODERADA;19/07/2026
395;ANDINA;CUNDINAMARCA;ARBEL¡EZ;25053;MODERADA;19/07/2026
396;ANDINA;CUNDINAMARCA;BITUIMA;25095;MODERADA;19/07/2026
397;ANDINA;CUNDINAMARCA;BOJAC¡;25099;MODERADA;19/07/2026
398;ANDINA;CUNDINAMARCA;CACHIPAY;25123;MODERADA;19/07/2026
399;ANDINA;CUNDINAMARCA;CAPARRAPÕ;25148;MODERADA;19/07/2026
400;ANDINA;CUNDINAMARCA;CARMEN DE CARUPA;25154;MODERADA;19/07/2026
401;ANDINA;CUNDINAMARCA;COGUA;25200;MODERADA;19/07/2026
402;ANDINA;CUNDINAMARCA;COTA;25214;MODERADA;19/07/2026
403;ANDINA;CUNDINAMARCA;EL COLEGIO;25245;MODERADA;19/07/2026
404;ANDINA;CUNDINAMARCA;EL PE—”N;25258;MODERADA;19/07/2026
405;ANDINA;CUNDINAMARCA;EL ROSAL;25260;MODERADA;19/07/2026
406;ANDINA;CUNDINAMARCA;FACATATIV¡;25269;MODERADA;19/07/2026
407;ANDINA;CUNDINAMARCA;FUSAGASUG¡;25290;MODERADA;19/07/2026
408;ANDINA;CUNDINAMARCA;F⁄QUENE;25288;MODERADA;19/07/2026
409;ANDINA;CUNDINAMARCA;GRANADA;25312;MODERADA;19/07/2026
410;ANDINA;CUNDINAMARCA;GUACHET¡;25317;MODERADA;19/07/2026
411;ANDINA;CUNDINAMARCA;GUADUAS;25320;MODERADA;19/07/2026
412;ANDINA;CUNDINAMARCA;GUATAQUÕ;25324;MODERADA;19/07/2026
413;ANDINA;CUNDINAMARCA;GUAYABAL DE SÕQUIMA;25328;MODERADA;19/07/2026
414;ANDINA;CUNDINAMARCA;LA MESA;25386;MODERADA;19/07/2026
415;ANDINA;CUNDINAMARCA;LA PE—A;25398;MODERADA;19/07/2026
416;ANDINA;CUNDINAMARCA;LA VEGA;25402;MODERADA;19/07/2026
417;ANDINA;CUNDINAMARCA;MADRID;25430;MODERADA;19/07/2026
418;ANDINA;CUNDINAMARCA;MOSQUERA;25473;MODERADA;19/07/2026
419;ANDINA;CUNDINAMARCA;NARI—O;25483;MODERADA;19/07/2026
420;ANDINA;CUNDINAMARCA;NIMAIMA;25489;MODERADA;19/07/2026
421;ANDINA;CUNDINAMARCA;NOCAIMA;25491;MODERADA;19/07/2026
422;ANDINA;CUNDINAMARCA;PACHO;25513;MODERADA;19/07/2026
423;ANDINA;CUNDINAMARCA;PANDI;25524;MODERADA;19/07/2026
424;ANDINA;CUNDINAMARCA;QUEBRADANEGRA;25592;MODERADA;19/07/2026
425;ANDINA;CUNDINAMARCA;QUIPILE;25596;MODERADA;19/07/2026
426;ANDINA;CUNDINAMARCA;SAN ANTONIO DEL TEQUENDAMA;25645;MODERADA;19/07/2026
427;ANDINA;CUNDINAMARCA;SAN CAYETANO;25653;MODERADA;19/07/2026
428;ANDINA;CUNDINAMARCA;SAN FRANCISCO;25658;MODERADA;19/07/2026
429;ANDINA;CUNDINAMARCA;SASAIMA;25718;MODERADA;19/07/2026
430;ANDINA;CUNDINAMARCA;SIBAT…;25740;MODERADA;19/07/2026
431;ANDINA;CUNDINAMARCA;SILVANIA;25743;MODERADA;19/07/2026
432;ANDINA;CUNDINAMARCA;SIMIJACA;25745;MODERADA;19/07/2026
433;ANDINA;CUNDINAMARCA;SOACHA;25754;MODERADA;19/07/2026
434;ANDINA;CUNDINAMARCA;SUBACHOQUE;25769;MODERADA;19/07/2026
435;ANDINA;CUNDINAMARCA;SUPAT¡;25777;MODERADA;19/07/2026
436;ANDINA;CUNDINAMARCA;SUSA;25779;MODERADA;19/07/2026
437;ANDINA;CUNDINAMARCA;TABIO;25785;MODERADA;19/07/2026
438;ANDINA;CUNDINAMARCA;TAUSA;25793;MODERADA;19/07/2026
439;ANDINA;CUNDINAMARCA;TENA;25797;MODERADA;19/07/2026
440;ANDINA;CUNDINAMARCA;TENJO;25799;MODERADA;19/07/2026
441;ANDINA;CUNDINAMARCA;TIBACUY;25805;MODERADA;19/07/2026
442;ANDINA;CUNDINAMARCA;TOCAIMA;25815;MODERADA;19/07/2026
443;ANDINA;CUNDINAMARCA;TOPAIPÕ;25823;MODERADA;19/07/2026
444;ANDINA;CUNDINAMARCA;VERGARA;25862;MODERADA;19/07/2026
445;ANDINA;CUNDINAMARCA;VIANÕ;25867;MODERADA;19/07/2026
446;ANDINA;CUNDINAMARCA;VILLAG”MEZ;25871;MODERADA;19/07/2026
447;ANDINA;CUNDINAMARCA;VILLETA;25875;MODERADA;19/07/2026
448;ANDINA;CUNDINAMARCA;VIOT¡;25878;MODERADA;19/07/2026
449;ANDINA;CUNDINAMARCA;YACOPÕ;25885;MODERADA;19/07/2026
450;ANDINA;CUNDINAMARCA;ZIPAC”N;25898;MODERADA;19/07/2026
451;ANDINA;CUNDINAMARCA;ZIPAQUIR¡;25899;MODERADA;19/07/2026
452;ANDINA;CUNDINAMARCA;⁄TICA;25851;MODERADA;19/07/2026
453;ANDINA;HUILA;GIGANTE;41306;MODERADA;19/07/2026
454;ANDINA;HUILA;LA PLATA;41396;MODERADA;19/07/2026
455;ANDINA;HUILA;N¡TAGA;41483;MODERADA;19/07/2026
456;ANDINA;HUILA;PAICOL;41518;MODERADA;19/07/2026
457;ANDINA;HUILA;TERUEL;41801;MODERADA;19/07/2026
458;ANDINA;HUILA;TESALIA;41797;MODERADA;19/07/2026
459;ANDINA;HUILA;VILLAVIEJA;41872;MODERADA;19/07/2026
460;ANDINA;HUILA;YAGUAR¡;41885;MODERADA;19/07/2026
461;ANDINA;HUILA;ÕQUIRA;41357;MODERADA;19/07/2026
462;CARIBE;LA GUAJIRA;DISTRACCI”N;44098;MODERADA;19/07/2026
463;CARIBE;LA GUAJIRA;VILLANUEVA;44874;MODERADA;19/07/2026
464;CARIBE;MAGDALENA;PIVIJAY;47551;MODERADA;19/07/2026
465;CARIBE;MAGDALENA;REMOLINO;47605;MODERADA;19/07/2026
466;CARIBE;MAGDALENA;SALAMINA;47675;MODERADA;19/07/2026
467;CARIBE;MAGDALENA;ZONA BANANERA;47980;MODERADA;19/07/2026
468;PACÕFICO;NARI—O;ANCUYA;52036;MODERADA;19/07/2026
469;PACÕFICO;NARI—O;COL”N;52203;MODERADA;19/07/2026
470;PACÕFICO;NARI—O;GUAITARILLA;52320;MODERADA;19/07/2026
471;PACÕFICO;NARI—O;IMU…S;52354;MODERADA;19/07/2026
472;PACÕFICO;NARI—O;LA CRUZ;52378;MODERADA;19/07/2026
473;PACÕFICO;NARI—O;LINARES;52411;MODERADA;19/07/2026
474;PACÕFICO;NARI—O;OSPINA;52506;MODERADA;19/07/2026
475;PACÕFICO;NARI—O;PROVIDENCIA;52565;MODERADA;19/07/2026
476;PACÕFICO;NARI—O;SAMANIEGO;52678;MODERADA;19/07/2026
477;PACÕFICO;NARI—O;SAN PABLO;52693;MODERADA;19/07/2026
478;PACÕFICO;NARI—O;SANDON¡;52683;MODERADA;19/07/2026
479;PACÕFICO;NARI—O;T⁄QUERRES;52838;MODERADA;19/07/2026
480;ANDINA;NORTE DE SANTANDER;BUCARASICA;54109;MODERADA;19/07/2026
481;ANDINA;NORTE DE SANTANDER;C¡CHIRA;54128;MODERADA;19/07/2026
482;ANDINA;NORTE DE SANTANDER;EL CARMEN;54245;MODERADA;19/07/2026
483;ANDINA;NORTE DE SANTANDER;HACARÕ;54344;MODERADA;19/07/2026
484;ANDINA;NORTE DE SANTANDER;LA ESPERANZA;54385;MODERADA;19/07/2026
485;ANDINA;NORTE DE SANTANDER;LA PLAYA;54398;MODERADA;19/07/2026
486;ANDINA;NORTE DE SANTANDER;LOS PATIOS;54405;MODERADA;19/07/2026
487;ANDINA;NORTE DE SANTANDER;MUTISCUA;54480;MODERADA;19/07/2026
488;ANDINA;NORTE DE SANTANDER;OCA—A;54498;MODERADA;19/07/2026
489;ANDINA;NORTE DE SANTANDER;PAMPLONA;54518;MODERADA;19/07/2026
490;ANDINA;NORTE DE SANTANDER;PAMPLONITA;54520;MODERADA;19/07/2026
491;ANDINA;NORTE DE SANTANDER;SAN CALIXTO;54670;MODERADA;19/07/2026
492;ANDINA;NORTE DE SANTANDER;SAN CAYETANO;54673;MODERADA;19/07/2026
493;ANDINA;NORTE DE SANTANDER;SARDINATA;54720;MODERADA;19/07/2026
494;ANDINA;NORTE DE SANTANDER;VILLA CARO;54871;MODERADA;19/07/2026
495;ANDINA;NORTE DE SANTANDER;VILLA DEL ROSARIO;54874;MODERADA;19/07/2026
496;ANDINA;NORTE DE SANTANDER;¡BREGO;54003;MODERADA;19/07/2026
497;ANDINA;QUINDÕO;ARMENIA;63001;MODERADA;19/07/2026
498;ANDINA;QUINDÕO;BUENAVISTA;63111;MODERADA;19/07/2026
499;ANDINA;QUINDÕO;CALARC¡;63130;MODERADA;19/07/2026
500;ANDINA;QUINDÕO;G…NOVA;63302;MODERADA;19/07/2026
501;ANDINA;QUINDÕO;LA TEBAIDA;63401;MODERADA;19/07/2026
502;ANDINA;QUINDÕO;MONTENEGRO;63470;MODERADA;19/07/2026
503;ANDINA;QUINDÕO;SALENTO;63690;MODERADA;19/07/2026
504;ANDINA;SANTANDER;CALIFORNIA;68132;MODERADA;19/07/2026
505;ANDINA;SANTANDER;CAPITANEJO;68147;MODERADA;19/07/2026
506;ANDINA;SANTANDER;CARCASÕ;68152;MODERADA;19/07/2026
507;ANDINA;SANTANDER;CERRITO;68162;MODERADA;19/07/2026
508;ANDINA;SANTANDER;CHARAL¡;68167;MODERADA;19/07/2026
509;ANDINA;SANTANDER;CONCEPCI”N;68207;MODERADA;19/07/2026
510;ANDINA;SANTANDER;COROMORO;68217;MODERADA;19/07/2026
511;ANDINA;SANTANDER;EL PLAY”N;68255;MODERADA;19/07/2026
512;ANDINA;SANTANDER;ENCINO;68264;MODERADA;19/07/2026
513;ANDINA;SANTANDER;ENCISO;68266;MODERADA;19/07/2026
514;ANDINA;SANTANDER;G¡MBITA;68298;MODERADA;19/07/2026
515;ANDINA;SANTANDER;MACARAVITA;68425;MODERADA;19/07/2026
516;ANDINA;SANTANDER;MOGOTES;68464;MODERADA;19/07/2026
517;ANDINA;SANTANDER;MOLAGAVITA;68468;MODERADA;19/07/2026
518;ANDINA;SANTANDER;M¡LAGA;68432;MODERADA;19/07/2026
519;ANDINA;SANTANDER;ONZAGA;68502;MODERADA;19/07/2026
520;ANDINA;SANTANDER;PUERTO WILCHES;68575;MODERADA;19/07/2026
521;ANDINA;SANTANDER;SAN ANDR…S;68669;MODERADA;19/07/2026
522;ANDINA;SANTANDER;SAN JOAQUÕN;68682;MODERADA;19/07/2026
523;ANDINA;SANTANDER;SAN MIGUEL;68686;MODERADA;19/07/2026
524;ANDINA;SANTANDER;SURAT¡;68780;MODERADA;19/07/2026
525;ANDINA;SANTANDER;VETAS;68867;MODERADA;19/07/2026
526;ANDINA;TOLIMA;ANZO¡TEGUI;73043;MODERADA;19/07/2026
527;ANDINA;TOLIMA;CAJAMARCA;73124;MODERADA;19/07/2026
528;ANDINA;TOLIMA;HERVEO;73347;MODERADA;19/07/2026
529;ANDINA;TOLIMA;ICONONZO;73352;MODERADA;19/07/2026
530;ANDINA;TOLIMA;PLANADAS;73555;MODERADA;19/07/2026
531;ANDINA;TOLIMA;RIOBLANCO;73616;MODERADA;19/07/2026
532;ANDINA;TOLIMA;VILLARRICA;73873;MODERADA;19/07/2026
533;PACÕFICO;VALLE DEL CAUCA;BOLÕVAR;76100;MODERADA;19/07/2026
534;PACÕFICO;VALLE DEL CAUCA;CAICEDONIA;76122;MODERADA;19/07/2026
535;PACÕFICO;VALLE DEL CAUCA;EL CERRITO;76248;MODERADA;19/07/2026
536;PACÕFICO;VALLE DEL CAUCA;FLORIDA;76275;MODERADA;19/07/2026
537;PACÕFICO;VALLE DEL CAUCA;GUADALAJARA DE BUGA;76111;MODERADA;19/07/2026
538;PACÕFICO;VALLE DEL CAUCA;LA VICTORIA;76403;MODERADA;19/07/2026
539;PACÕFICO;VALLE DEL CAUCA;PALMIRA;76520;MODERADA;19/07/2026
540;PACÕFICO;VALLE DEL CAUCA;PRADERA;76563;MODERADA;19/07/2026
541;PACÕFICO;VALLE DEL CAUCA;SEVILLA;76736;MODERADA;19/07/2026
542;PACÕFICO;VALLE DEL CAUCA;TULU¡;76834;MODERADA;19/07/2026
543;ANDINA;ANTIOQUIA;GUATAP…;05321;ALTA;19/07/2026
544;CARIBE;CESAR;PAILITAS;20517;ALTA;19/07/2026
